Date,Month,Visitors (Visit),Buyers (Placed Orders),Units (Placed Orders),Orders (Placed Orders),Sales (Placed Orders) (VND),Conversion Rate (Visit to Placed),Buyers (Confirmed Orders),Units(Confirmed Orders),Orders (Confirmed Orders),Sales(Confirmed Orders) (VND),Sales per Buyer (Confirmed Orders) (VND),Conversion Rate
1/1/2025,1,732539,15312,30877,17645,4787312571,2.09%,14105,26232,14908,4027570856,285542,1.93%
1/2/2025,1,462890,3231,5561,3522,1024996310,0.70%,3232,5367,3337,966828019,299142,0.70%
1/3/2025,1,513958,3066,4894,3381,935481054,0.60%,2859,4264,2952,808289869,282718,0.56%
1/4/2025,1,524122,3205,5104,3533,972029437,0.61%,2984,4485,3101,850680736,285081,0.57%
1/5/2025,1,498299,3121,5021,3391,953686761,0.63%,2889,4425,2983,836096292,289407,0.58%
1/6/2025,1,483001,3903,6294,4264,1176317853,0.81%,3571,5399,3686,999951155,280020,0.74%
1/7/2025,1,746623,8645,18620,10187,2875252113,1.16%,7650,15041,8307,2315830886,302723,1.02%
1/8/2025,1,482607,3561,5802,3889,1078075461,0.74%,3460,5415,3576,988562921,285712,0.72%
1/9/2025,1,556329,3943,6372,4314,1206537268,0.71%,3715,5618,3832,1059832388,285285,0.67%
1/10/2025,1,522739,7965,15154,8854,2354120821,1.52%,7380,13208,7725,2054225127,278350,1.41%
1/11/2025,1,626913,5377,8678,5867,1508819499,0.86%,5133,7945,5320,1354503137,263881,0.82%
1/12/2025,1,956060,7567,16237,8705,2375553345,0.79%,6791,13540,7354,1991525893,293260,0.71%
1/13/2025,1,1155616,9827,20677,11053,2834671803,0.85%,8900,17608,9430,2415868323,271446,0.77%
1/14/2025,1,1507807,19100,41494,23481,5931008640,1.27%,15831,31315,17737,4451373206,281181,1.05%
1/15/2025,1,1759220,47902,120186,61888,15418132061,2.72%,42453,95019,49136,12152683306,286262,2.41%
1/16/2025,1,914416,10184,21386,12005,2985204957,1.11%,10718,20845,11640,2806181634,261820,1.17%
1/17/2025,1,698142,3165,4956,3420,946756255,0.45%,3216,4945,3317,907475705,282175,0.46%
1/18/2025,1,774644,3112,4932,3410,939931289,0.40%,2969,4465,3075,838661105,282473,0.38%
1/19/2025,1,815574,3406,5582,3718,1087645653,0.42%,3129,4827,3227,924269882,295388,0.38%
1/20/2025,1,541048,3420,5895,3764,1131530740,0.63%,3214,5194,3329,995779440,309826,0.59%
1/21/2025,1,510921,2543,4366,2784,830852469,0.50%,2360,3828,2446,724968022,307190,0.46%
1/22/2025,1,533343,1806,3095,1951,610709387,0.34%,1685,2761,1735,534925893,317463,0.32%
1/23/2025,1,442542,1244,2106,1352,425558773,0.28%,1151,1816,1187,351599947,305473,0.26%
1/24/2025,1,386638,776,1287,830,276693996,0.20%,700,1070,718,212559886,303657,0.18%
1/25/2025,1,368495,790,1335,871,272553616,0.21%,693,1070,714,210457001,303690,0.19%
1/26/2025,1,375249,426,772,471,156756048,0.11%,360,565,373,115879264,321887,0.10%
1/27/2025,1,322218,339,541,376,115908880,0.11%,301,473,319,102928623,341956,0.09%
1/28/2025,1,291584,436,667,472,133926076,0.15%,358,526,372,104948834,293153,0.12%
1/29/2025,1,259908,568,804,612,164466585,0.22%,486,666,501,136550597,280968,0.19%
1/30/2025,1,368850,895,1355,983,278849488,0.24%,784,1138,814,232937038,297114,0.21%
1/31/2025,1,430733,929,1565,1031,345314712,0.22%,807,1275,832,278113831,344627,0.19%
2/1/2025,2,622075,3167,5102,3567,996633978,0.51%,2820,4252,2958,829256744,294063,0.45%
2/2/2025,2,827087,13455,24257,15732,4227485781,1.63%,12531,20923,13467,3625741172,289342,1.52%
2/3/2025,2,705837,4741,6923,5241,1488294165,0.67%,4616,6380,4790,1351108956,292701,0.65%
2/4/2025,2,789078,4999,7888,5527,1626861444,0.63%,4669,6927,4863,1424539262,305106,0.59%
2/5/2025,2,780843,4404,7517,4882,1463472576,0.56%,4107,6569,4256,1269429545,309089,0.53%
2/6/2025,2,658888,4034,6768,4437,1301068505,0.61%,3792,5997,3922,1145465218,302074,0.58%
2/7/2025,2,592897,3375,5814,3693,1089350058,0.57%,3189,5183,3290,969522611,304021,0.54%
2/8/2025,2,694922,3184,5536,3485,1012495468,0.46%,2975,4902,3065,892697655,300066,0.43%
2/9/2025,2,636331,3201,5731,3487,1057096156,0.50%,2995,5065,3090,926977162,309508,0.47%
2/10/2025,2,622028,4602,8355,5049,1479587468,0.74%,4254,7370,4414,1299130187,305390,0.68%
2/11/2025,2,628049,3840,6805,4254,1255932764,0.61%,3617,6026,3756,1108794164,306551,0.58%
2/12/2025,2,582715,3245,5709,3511,1024710092,0.56%,2998,5023,3100,901920899,300841,0.51%
2/13/2025,2,610094,3017,5495,3299,986353031,0.49%,2789,4791,2894,855854664,306868,0.46%
2/14/2025,2,704354,6020,11083,6720,1875219500,0.85%,5342,9295,5610,1564519030,292871,0.76%
2/15/2025,2,1200117,37394,100854,48524,13046819674,3.12%,32785,78991,37935,10164969587,310049,2.73%
2/16/2025,2,820985,3550,6599,3997,1218089749,0.43%,4816,9309,5078,1499555271,311369,0.59%
2/17/2025,2,657052,3857,6600,4221,1224930906,0.59%,3646,5953,3793,1095752225,300535,0.55%
2/18/2025,2,614397,3354,5444,3670,1079265062,0.55%,3149,4876,3256,956053098,303605,0.51%
2/19/2025,2,627578,2752,4357,2986,864513491,0.44%,2569,3873,2642,762904934,296966,0.41%
2/20/2025,2,927128,5259,11308,6046,1944287086,0.57%,4606,9344,4963,1592153154,345669,0.50%
2/21/2025,2,703824,2080,3363,2249,683932294,0.30%,1997,3102,2072,623638932,312288,0.28%
2/22/2025,2,766920,2003,3516,2190,673452966,0.26%,1815,3014,1877,571519369,314887,0.24%
2/23/2025,2,1266489,4127,7962,4475,1318511508,0.33%,3801,6996,3919,1155908522,304106,0.30%
2/24/2025,2,1025870,5243,12611,6085,1864805194,0.51%,4497,10002,4882,1486954206,330655,0.44%
2/25/2025,2,1159821,13214,29876,15650,4424450095,1.14%,11801,24786,12903,3640568123,308497,1.02%
2/26/2025,2,1282282,3552,7274,3947,1271878611,0.28%,3498,6772,3661,1159323272,331425,0.27%
2/27/2025,2,837855,1694,2905,1853,581083948,0.20%,1587,2657,1655,520467817,327957,0.19%
2/28/2025,2,772517,1525,2666,1645,541140237,0.20%,1357,2256,1396,455359303,335563,0.18%
3/1/2025,3,907196,3755,6997,4130,1250327146,0.41%,3491,6225,3641,1104549616,316399,0.38%
3/2/2025,3,1430676,9433,23074,11155,3233826422,0.66%,7630,16985,8267,2391635560,313452,0.53%
3/3/2025,3,1841516,56407,149898,74899,21802270158,3.06%,49385,116596,58011,16782520158,339830,2.68%
3/4/2025,3,1097075,4621,10745,5191,1607513218,0.42%,6120,13213,6493,1924334274,314434,0.56%
3/5/2025,3,1101335,4373,9513,4943,1510434920,0.40%,3880,7903,4119,1246159952,321175,0.35%
3/6/2025,3,924919,2708,5305,2961,952495569,0.29%,2549,4798,2652,844517585,331313,0.28%
3/7/2025,3,678507,2501,4707,2686,858059671,0.37%,2339,4209,2403,766404683,327663,0.34%
3/8/2025,3,782564,3581,7206,4037,1270685092,0.46%,3294,6270,3505,1105288869,335546,0.42%
3/9/2025,3,900817,3494,6814,3862,1194846586,0.39%,3266,5978,3392,1040033439,318443,0.36%
3/10/2025,3,815030,3725,7196,4122,1256018781,0.46%,3474,6340,3632,1103503488,317646,0.43%
3/11/2025,3,740230,6338,12837,7033,1818202816,0.86%,5734,11024,5993,1569924765,273792,0.77%
3/12/2025,3,885906,6451,15415,7399,2134479030,0.73%,5856,12723,6196,1767002619,301742,0.66%
3/13/2025,3,949417,13770,36965,16993,4553400751,1.45%,12316,30024,13841,3683396824,299074,1.30%
3/14/2025,3,944278,9718,27533,12408,3563958016,1.03%,8296,21471,9683,2745600231,330955,0.88%
3/15/2025,3,1525396,25849,68242,31886,8675005530,1.69%,22769,54672,25489,6876751779,302023,1.49%
3/16/2025,3,944984,4442,8018,4969,1302444998,0.47%,5200,9724,5486,1431171927,275225,0.55%
3/17/2025,3,797231,3806,6852,4235,1127456459,0.48%,3615,6171,3785,1007288897,278641,0.45%
3/18/2025,3,861004,3774,6646,4150,1068593499,0.44%,3563,5910,3705,945766441,265441,0.41%
3/19/2025,3,823238,3854,6930,4290,1128764512,0.47%,3583,6094,3749,988506849,275888,0.44%
3/20/2025,3,874757,3192,6598,3592,1046572311,0.36%,2986,5683,3129,902238897,302156,0.34%
3/21/2025,3,706180,3298,6962,3766,1090883034,0.47%,3059,5971,3231,934882985,305617,0.43%
3/22/2025,3,695897,3297,6296,3635,1031779924,0.47%,3066,5542,3189,902471868,294348,0.44%
3/23/2025,3,743647,3575,6602,3932,1086290887,0.48%,3307,5775,3452,941162074,284597,0.44%
3/24/2025,3,904252,5661,11964,6560,1771424962,0.63%,4768,9210,5110,1382019923,289853,0.53%
3/25/2025,3,1068423,15958,40335,19482,5104617753,1.49%,14114,32488,15745,4092813351,289983,1.32%
3/26/2025,3,687226,3699,6809,4119,1072464075,0.54%,3968,7257,4158,1072671937,270331,0.58%
3/27/2025,3,538254,3335,6054,3700,965014782,0.62%,3144,5397,3308,844481512,268601,0.58%
3/28/2025,3,443601,3120,5624,3419,901548854,0.70%,2922,5055,3046,801659218,274353,0.66%
3/29/2025,3,536486,3356,6128,3756,951988377,0.63%,3111,5369,3284,826106966,265544,0.58%
3/30/2025,3,648166,3464,6374,3797,1011471762,0.53%,3173,5552,3297,873861946,275406,0.49%
3/31/2025,3,561545,3534,6319,3893,1024526864,0.63%,3247,5516,3388,886940229,273157,0.58%
4/1/2025,4,676124,4057,7731,4521,1276547206,0.60%,3812,6797,3978,1115072701,292516,0.56%
4/2/2025,4,1028503,4850,10709,5503,1567250237,0.47%,4484,9205,4723,1344069052,299748,0.44%
4/3/2025,4,1258464,12253,31204,15445,4338827487,0.97%,9632,22360,11053,3119618616,323881,0.77%
4/4/2025,4,1579945,53146,140871,67837,18317775440,3.36%,47167,112603,53619,14414322106,305602,2.99%
4/5/2025,4,815307,4344,9081,4952,1454441227,0.53%,5804,11568,6165,1719290600,296225,0.71%
4/6/2025,4,792732,2881,5166,3215,902546569,0.36%,2741,4736,2891,812164436,296302,0.35%
4/7/2025,4,967217,4997,10964,5810,1594562415,0.52%,4499,9104,4873,1318273381,293015,0.47%
4/8/2025,4,630759,3962,8619,4499,1320382973,0.63%,3584,7255,3814,1100863011,307160,0.57%
4/9/2025,4,512054,2625,4767,2894,856787063,0.51%,2507,4350,2619,770181512,307212,0.49%
4/10/2025,4,637873,3941,8164,4377,1307713141,0.62%,3547,6883,3720,1099916357,310098,0.56%
4/11/2025,4,470716,2448,4686,2712,846307797,0.52%,2327,4194,2427,749284844,321996,0.49%
4/12/2025,4,583407,2290,4523,2547,784847777,0.39%,2136,3981,2243,685118624,320748,0.37%
4/13/2025,4,632355,2379,4555,2633,831624502,0.38%,2213,4039,2322,734964046,332112,0.35%
4/14/2025,4,877007,4754,9549,5355,1511728804,0.54%,4138,7718,4370,1232660267,297888,0.47%
4/15/2025,4,960591,14804,36075,17718,4786577388,1.54%,13192,29379,14385,3883713695,294399,1.37%
4/16/2025,4,557293,2405,4458,2640,809393690,0.43%,2623,4827,2739,811521170,309387,0.47%
4/17/2025,4,567448,2192,4227,2426,770993739,0.39%,2030,3720,2133,672995218,331525,0.36%
4/18/2025,4,522256,2050,3780,2262,690344919,0.39%,1919,3358,1996,613109561,319494,0.37%
4/19/2025,4,558899,2086,3986,2336,730958853,0.37%,1926,3459,2036,633625802,328985,0.34%
4/20/2025,4,687837,4521,9695,5096,1472394896,0.66%,3947,7896,4184,1190561574,301637,0.57%
4/21/2025,4,499432,2316,4276,2548,781712313,0.46%,2262,4001,2385,723456917,319831,0.45%
4/22/2025,4,481316,2142,3972,2346,742636122,0.45%,1974,3501,2056,654266056,331442,0.41%
4/23/2025,4,463550,2282,4106,2512,757503777,0.49%,2085,3547,2163,649512330,311517,0.45%
4/24/2025,4,534292,4278,8944,5111,1424982583,0.80%,3681,6966,4041,1129466502,306837,0.69%
4/25/2025,4,661018,11329,28429,13840,3847300514,1.71%,10060,23221,11222,3138627846,311991,1.52%
4/26/2025,4,578751,2024,3661,2226,650327601,0.35%,2234,4078,2353,663533517,297016,0.39%
4/27/2025,4,530893,1707,3074,1863,571647093,0.32%,1585,2759,1644,513395050,323909,0.30%
4/28/2025,4,471089,1875,3218,2027,595400527,0.40%,1729,2852,1786,524037520,303087,0.37%
4/29/2025,4,461302,1742,3104,1893,566698749,0.38%,1614,2739,1669,497038318,307954,0.35%
4/30/2025,4,421235,2061,3513,2278,636727713,0.49%,1833,2933,1925,531245689,289823,0.44%
5/1/2025,5,517018,4746,10052,5324,1444674040,0.92%,4369,8703,4606,1244243744,284789,0.85%
5/2/2025,5,572163,2662,4275,2905,813008898,0.47%,2518,3887,2622,729889816,289869,0.44%
5/3/2025,5,661099,2686,4398,2982,837938377,0.41%,2483,3852,2600,729514491,293804,0.38%
5/4/2025,5,1015125,8527,19379,10335,2984990473,0.84%,7047,14853,7884,2293839379,325506,0.69%
5/5/2025,5,1457727,59971,161681,78771,21634237465,4.11%,53614,128768,62850,17113608375,319200,3.68%
5/6/2025,5,651290,4504,8821,5126,1456114089,0.69%,6223,12389,6656,1843650123,296264,0.96%
5/7/2025,5,572405,3110,5378,3450,995623215,0.54%,2993,4987,3156,907243062,303122,0.52%
5/8/2025,5,569047,3019,5309,3338,1038078641,0.53%,2853,4821,3008,930820961,326260,0.50%
5/9/2025,5,553504,2426,4142,2687,803965633,0.44%,2270,3654,2385,705287860,310700,0.41%
5/10/2025,5,714168,3588,7135,4052,1251932691,0.50%,3171,5813,3360,1017631769,320918,0.44%
5/11/2025,5,574553,2603,4579,2898,852342445,0.45%,2501,4199,2614,763960940,305462,0.44%
5/12/2025,5,554013,2486,4598,2741,866174417,0.45%,2279,3905,2365,726444159,318756,0.41%
5/13/2025,5,603604,3669,7502,4243,1261299543,0.61%,3258,6207,3518,1044772818,320679,0.54%
5/14/2025,5,688322,3575,7317,4053,1225700067,0.52%,3226,6137,3414,1024177047,317476,0.47%
5/15/2025,5,1023390,16034,38388,19005,5257414264,1.57%,14256,31272,15459,4265914291,299236,1.39%
5/16/2025,5,818667,4306,9517,4995,1523099290,0.53%,4305,8907,4596,1382845672,321219,0.53%
5/17/2025,5,903834,4563,9912,5235,1602605997,0.50%,4240,8499,4496,1354105778,319365,0.47%
5/18/2025,5,956186,5969,14147,7053,2190487023,0.62%,5414,11601,5845,1792061761,331005,0.57%
5/19/2025,5,584518,2683,4721,2951,919060256,0.46%,2648,4491,2749,844628057,318968,0.45%
5/20/2025,5,595856,3790,7960,4255,1334654433,0.64%,3381,6576,3558,1111472214,328741,0.57%
5/21/2025,5,430849,2828,4849,3101,923862111,0.66%,2696,4408,2790,826403109,306529,0.63%
5/22/2025,5,411306,2470,4205,2700,828131123,0.60%,2312,3763,2415,735728369,318222,0.56%
5/23/2025,5,381897,2402,4152,2626,802665548,0.63%,2262,3748,2363,720051043,318325,0.59%
5/24/2025,5,487077,2500,4381,2720,851638160,0.51%,2310,3835,2392,742694716,321513,0.47%
5/25/2025,5,667779,8829,19365,10259,2813187923,1.32%,8041,16216,8608,2332135973,290031,1.20%
5/26/2025,5,590969,3007,5801,3362,990723158,0.51%,2894,5214,3035,877722911,303291,0.49%
5/27/2025,5,492373,2595,4493,2889,875377626,0.53%,2409,3887,2536,735215349,305195,0.49%
5/28/2025,5,616838,3853,7530,4366,1318600305,0.62%,3444,6177,3644,1060346230,307882,0.56%
5/29/2025,5,530825,2919,4912,3204,948557418,0.55%,2761,4415,2871,841189833,304669,0.52%
5/30/2025,5,608182,2639,4294,2881,837158504,0.43%,2440,3782,2531,732819463,300336,0.40%
5/31/2025,5,618500,2582,4320,2835,847627859,0.42%,2380,3747,2474,733842733,308337,0.38%
6/1/2025,6,708006,5747,11093,6431,1753800372,0.81%,5240,9434,5511,1483912689,283189,0.74%
6/2/2025,6,700531,3960,7812,4421,1225735913,0.57%,3697,6847,3871,1066614887,288508,0.53%
6/3/2025,6,609408,2729,4666,2963,864127001,0.45%,2579,4237,2687,778429116,301834,0.42%
6/4/2025,6,627032,2936,5363,3273,917903935,0.47%,2633,4460,2754,772708189,293471,0.42%
6/5/2025,6,1170786,14083,29035,16746,4317063274,1.20%,11503,21621,12608,3209754339,279036,0.98%
6/6/2025,6,1661187,56354,156666,74363,21073302181,3.39%,50371,124158,59036,16608924349,329732,3.03%
6/7/2025,6,698621,6769,14981,8114,2160795704,0.97%,8320,17589,9200,2438639793,293106,1.19%
6/8/2025,6,639160,2830,4791,3123,938108333,0.44%,2714,4470,2856,846134385,311767,0.42%
6/9/2025,6,614578,2789,4725,3091,916555015,0.45%,2668,4288,2783,810806959,303901,0.43%
6/10/2025,6,732341,5519,9947,6257,1676091897,0.75%,4926,8304,5218,1397347945,283668,0.67%
6/11/2025,6,525178,3118,4954,3389,916569259,0.59%,3095,4687,3217,856586727,276765,0.59%
6/12/2025,6,524423,3256,5119,3590,946951971,0.62%,3055,4602,3201,846933856,277229,0.58%
6/13/2025,6,430689,3097,4921,3397,932413002,0.72%,2902,4363,3014,821182074,282971,0.67%
6/14/2025,6,708599,5077,9427,5779,1586995178,0.72%,4418,7663,4707,1295257463,293177,0.62%
6/15/2025,6,994185,19940,50749,24522,6548812638,2.01%,17822,41248,19985,5319968930,298506,1.79%
6/16/2025,6,642237,4575,8758,5073,1376176206,0.71%,4917,9110,5164,1367441295,278105,0.77%
6/17/2025,6,724893,7478,18813,8957,2514503224,1.03%,6720,15485,7459,2088634097,310809,0.93%
6/18/2025,6,752998,6828,15294,7798,2136786303,0.91%,6403,13535,6881,1865313389,291319,0.85%
6/19/2025,6,829779,8572,19805,10028,2814429207,1.03%,7743,16489,8365,2327600445,300607,0.93%
6/20/2025,6,641581,4608,8539,5163,1352603307,0.72%,4417,7755,4666,1216385421,275387,0.69%
6/21/2025,6,554617,2987,4805,3236,879573284,0.54%,2905,4541,3019,818863865,281881,0.52%
6/22/2025,6,511470,3231,5024,3492,935337551,0.63%,3060,4580,3163,847628597,277003,0.60%
6/23/2025,6,510455,3176,4995,3443,922871367,0.62%,2988,4448,3077,818400537,273896,0.59%
6/24/2025,6,626105,4677,7979,5144,1330104701,0.75%,4240,6862,4441,1149982542,271222,0.68%
6/25/2025,6,847914,12219,28246,14334,3905567383,1.44%,11004,23718,12060,3274552654,297578,1.30%
6/26/2025,6,486463,3164,5187,3482,939152511,0.65%,3299,5327,3447,923068102,279802,0.68%
6/27/2025,6,417119,3106,5018,3387,931485318,0.74%,2931,4524,3041,830497194,283349,0.70%
6/28/2025,6,478199,3225,5181,3563,973791541,0.67%,3028,4616,3166,857515460,283195,0.63%
6/29/2025,6,517019,3595,5761,3944,1104008848,0.70%,3388,5150,3546,968551268,285877,0.66%
6/30/2025,6,576514,3847,6129,4224,1151366041,0.67%,3569,5377,3725,1007542786,282304,0.62%
7/1/2025,7,912177,5827,10722,6516,1718607339,0.64%,5302,9269,5624,1467177059,276721,0.58%
7/2/2025,7,759020,3449,5501,3779,982805204,0.45%,3312,5048,3440,885858371,267469,0.44%
7/3/2025,7,1073558,4306,7197,4754,1240733595,0.40%,4063,6439,4257,1105163761,272007,0.38%
7/4/2025,7,685126,3518,5575,3884,1009676690,0.51%,3316,4975,3459,890072785,268418,0.48%
7/5/2025,7,711689,3267,5482,3579,995867615,0.46%,3039,4817,3149,874358725,287713,0.43%
7/6/2025,7,1235113,14313,35595,17255,4892107328,1.16%,11994,27434,13346,3769518617,314284,0.97%
7/7/2025,7,1710350,53781,141108,67073,19344310490,3.14%,48817,117118,55562,15910974284,325931,2.85%
7/8/2025,7,682321,5350,9888,6003,1646160952,0.78%,6847,13061,7296,2020999219,295166,1.00%
7/9/2025,7,594383,3626,5905,3998,1112716646,0.61%,3501,5464,3661,1015950322,290189,0.59%
7/10/2025,7,698735,4905,9418,5479,1561911228,0.70%,4578,8292,4811,1368052716,298832,0.66%
7/11/2025,7,584073,3984,6244,4394,1147893923,0.68%,3761,5629,3934,1024211064,272324,0.64%
7/12/2025,7,987394,4246,6800,4699,1285881729,0.43%,4011,6121,4213,1149360350,286552,0.41%
7/13/2025,7,613960,4070,6598,4475,1195580013,0.66%,3848,5927,4011,1066855413,277249,0.63%
7/14/2025,7,876782,5541,11647,6268,1806878997,0.63%,5097,10104,5462,1562756398,306603,0.58%
7/15/2025,7,1007198,15568,36283,18161,4871947534,1.55%,14512,31937,15959,4266205208,293978,1.44%
7/16/2025,7,592740,3566,5773,3876,1036985819,0.60%,3674,5923,3825,1017025516,276817,0.62%
7/17/2025,7,633781,3271,5455,3599,988003544,0.52%,3142,5047,3310,906704217,288576,0.50%
7/18/2025,7,625861,3866,6223,4304,1198722473,0.62%,3671,5621,3885,1071938096,292002,0.59%
7/19/2025,7,625248,3169,4894,3464,948580606,0.51%,3025,4478,3172,866140384,286327,0.48%
7/20/2025,7,827703,6241,12296,7047,2063098627,0.75%,5787,10862,6226,1820102271,314516,0.70%
7/21/2025,7,726237,2988,4776,3282,897445183,0.41%,2914,4481,3069,836269823,286983,0.40%
7/22/2025,7,615730,3266,5103,3556,995632417,0.53%,3121,4681,3251,907177604,290669,0.51%
7/23/2025,7,637794,3464,5650,3793,1050123364,0.54%,3313,5215,3491,962055297,290388,0.52%
7/24/2025,7,793524,5076,11328,5787,1684499392,0.64%,4640,9870,5053,1470531630,316925,0.58%
7/25/2025,7,1041099,13137,33164,15733,4341280411,1.26%,12071,28901,13671,3776201209,312833,1.16%
7/26/2025,7,640129,3049,5437,3367,915690578,0.48%,3095,5421,3274,884564503,285804,0.48%
7/27/2025,7,667131,2883,4608,3129,860314252,0.43%,2736,4215,2863,779838688,285029,0.41%
7/28/2025,7,625619,3305,5480,3613,1021329027,0.53%,3148,5034,3309,929871654,295385,0.50%
7/29/2025,7,615208,3063,5037,3334,945831268,0.50%,2922,4603,3049,861601086,294867,0.47%
7/30/2025,7,533129,2762,4506,3005,848385647,0.52%,2598,4041,2709,753364809,289979,0.49%
7/31/2025,7,610392,1868,3012,2027,568100842,0.31%,1701,2638,1768,494631995,290789,0.28%
8/1/2025,8,736255,8658,17536,9941,2639910848,1.18%,8156,15682,8904,2358577308,289183,1.11%
8/2/2025,8,710686,3599,5914,3949,1083976027,0.51%,3475,5505,3660,996076194,286641,0.49%
8/3/2025,8,706527,3788,6098,4127,1137093179,0.54%,3619,5619,3809,1044305933,288562,0.51%
8/4/2025,8,619517,3742,6038,4084,1064846210,0.60%,3593,5585,3773,984892553,274114,0.58%
8/5/2025,8,783509,4573,7826,5005,1371127218,0.58%,4356,7109,4564,1239711592,284599,0.56%
8/6/2025,8,878688,3335,6138,3635,988603246,0.38%,3192,5646,3341,908468297,284608,0.36%
8/7/2025,8,1347154,12328,28069,14695,4256935547,0.92%,10760,23065,12082,3486222813,323998,0.80%
8/8/2025,8,1900462,67870,168057,85022,24854307010,3.57%,62844,145336,73547,21362807604,339934,3.31%
8/9/2025,8,745790,4953,8029,5436,1494276086,0.66%,6543,11438,6986,1940292470,296545,0.88%
8/10/2025,8,803329,4989,9309,5603,1596465787,0.62%,4696,8353,5041,1433129491,305181,0.58%
8/11/2025,8,653976,3806,5843,4152,1121056925,0.58%,3682,5473,3871,1038661765,282092,0.56%
8/12/2025,8,658097,3345,5309,3661,1029148709,0.51%,3170,4854,3340,937567139,295763,0.48%
8/13/2025,8,580067,4804,7267,5352,1261911706,0.83%,4579,6614,4883,1142182679,249439,0.79%
8/14/2025,8,764257,6301,12726,7357,1932426498,0.82%,5805,11051,6429,1663620832,286584,0.76%
8/15/2025,8,1206904,15809,38684,19154,5173173981,1.31%,14283,32753,16263,4365617836,305651,1.18%
8/16/2025,8,768998,3570,5559,3947,1068170143,0.46%,3792,6048,4013,1081435900,285189,0.49%
8/17/2025,8,823598,3549,5277,3921,1042827646,0.43%,3420,4939,3640,964917102,282140,0.42%
8/18/2025,8,750939,3770,5703,4109,1089425278,0.50%,3603,5268,3792,1000835343,277778,0.48%
8/19/2025,8,660809,2914,4441,3181,900520042,0.44%,2789,4099,2937,828101798,296917,0.42%
8/20/2025,8,884778,6866,13889,8127,2405479232,0.78%,6403,12237,7168,2115939189,330461,0.72%
8/21/2025,8,822028,4206,7382,4716,1299377697,0.51%,4094,6877,4387,1202816203,293800,0.50%
8/22/2025,8,757151,3775,6318,4189,1162881307,0.50%,3583,5650,3792,998851082,278775,0.47%
8/23/2025,8,720957,4215,6975,4646,1223492001,0.58%,4046,6463,4295,1128772812,278985,0.56%
8/24/2025,8,961268,6033,11361,6937,1968081957,0.63%,5438,9745,5965,1682489900,309395,0.57%
8/25/2025,8,1206125,11114,25216,13199,3682373393,0.92%,10170,21771,11430,3180782100,312761,0.84%
8/26/2025,8,659195,3239,5189,3534,933297678,0.49%,3317,5217,3481,912938459,275230,0.50%
8/27/2025,8,732830,4151,5939,4615,1107155173,0.57%,3991,5460,4256,1007259944,252383,0.54%
8/28/2025,8,646636,4003,6165,4341,1109302730,0.62%,3866,5745,4062,1022308719,264436,0.60%
8/29/2025,8,702696,3023,4430,3255,819374519,0.43%,2888,4084,3010,754187241,261145,0.41%
8/30/2025,8,727924,3473,5505,3797,1027121079,0.48%,3293,5026,3470,934913497,283909,0.45%
8/31/2025,8,734344,3014,4754,3302,919813303,0.41%,2823,4229,2954,817045103,289424,0.38%
9/1/2025,9,948541,7295,14856,8611,2382934440,0.77%,6774,13008,7555,2084659775,307744,0.71%
9/2/2025,9,702677,4256,6480,4722,1199388088,0.61%,4089,5988,4340,1091690797,266982,0.58%
9/3/2025,9,922114,6047,10333,6768,1690293736,0.66%,5732,9340,6160,1526596015,266329,0.62%
9/4/2025,9,803971,3771,5860,4145,1083863368,0.47%,3641,5474,3857,999795492,274594,0.45%
9/5/2025,9,727859,4184,7605,4646,1286486116,0.57%,3958,6765,4196,1140558021,288165,0.54%
9/6/2025,9,704398,3367,5312,3680,986042056,0.48%,3214,4900,3377,903636046,281156,0.46%
9/7/2025,9,912890,3396,5214,3718,975239217,0.37%,3241,4772,3400,888996534,274297,0.36%
9/8/2025,9,1511135,15849,35457,19529,5855413127,1.05%,13407,27994,15512,4629492599,345304,0.89%
9/9/2025,9,1821225,74820,191599,96646,27810826870,4.11%,69635,165937,83662,23921270519,343524,3.82%
9/10/2025,9,714503,5925,11534,6821,1939137899,0.83%,7312,14006,7975,2253804231,308234,1.02%
9/11/2025,9,575613,2923,4570,3217,906204516,0.51%,2871,4400,3043,845600967,294532,0.50%
9/12/2025,9,663958,2683,3993,2930,782440561,0.40%,2598,3781,2741,735593540,283138,0.39%
9/13/2025,9,834327,2690,4108,2992,839232140,0.32%,2545,3715,2707,754970112,296648,0.31%
9/14/2025,9,1042085,5084,10560,5903,1745580321,0.49%,4659,9265,5181,1525423054,327414,0.45%
9/15/2025,9,1074190,12493,29629,15083,4133895866,1.16%,11614,25946,13203,3607996202,310659,1.08%
9/16/2025,9,759763,6417,13608,7368,2059259992,0.84%,6244,12700,6867,1919278316,307380,0.82%
9/17/2025,9,802684,5573,11799,6383,1872229962,0.69%,5332,10506,5793,1589460535,298098,0.66%
9/18/2025,9,1031537,8168,21397,10154,3034012967,0.79%,7651,18915,9015,2693096382,351993,0.74%
9/19/2025,9,837548,4056,7141,4614,1262798667,0.48%,3871,6627,4196,1156623000,298792,0.46%
9/20/2025,9,864586,4901,9688,5677,1579792808,0.57%,4600,8544,5048,1381130532,300246,0.53%
9/21/2025,9,751167,4147,6630,4607,1209068809,0.55%,3976,6155,4228,1103601475,277566,0.53%
9/22/2025,9,697628,5360,10855,6177,1705419266,0.77%,5104,9754,5555,1526323333,299045,0.73%
9/23/2025,9,663711,4367,8309,4864,1334661227,0.66%,4180,7565,4435,1195929364,286108,0.63%
9/24/2025,9,895032,6501,16998,8380,2277199090,0.73%,5990,14935,7341,1980811086,330686,0.67%
9/25/2025,9,933253,11703,28891,14477,3838309049,1.25%,10894,25599,12784,3381443372,310395,1.17%
9/26/2025,9,699757,3717,6106,4124,1047075368,0.53%,3705,5953,3941,987293569,266476,0.53%
9/27/2025,9,650670,3472,5193,3841,976558338,0.53%,3306,4756,3494,885588795,267873,0.51%
9/28/2025,9,614802,3744,5786,4134,1073946017,0.61%,3537,5257,3742,969643647,274143,0.58%
9/29/2025,9,694216,3861,6235,4282,1112118388,0.56%,3534,5393,3738,971005614,274761,0.51%
9/30/2025,9,594457,3425,5294,3766,998289934,0.58%,3182,4711,3348,881121492,276908,0.54%
10/1/2025,10,835597,7624,15625,8927,2376958845,0.91%,7074,13628,7801,2054675603,290455,0.85%
10/2/2025,10,554563,4223,6751,4724,1181137080,0.76%,4120,6260,4366,1081289976,262449,0.74%
10/3/2025,10,572396,4181,6305,4605,1102187793,0.73%,4008,5818,4245,1009470964,251864,0.70%
10/4/2025,10,752865,5451,8679,6133,1491692427,0.72%,5207,7886,5563,1346399770,258575,0.69%
10/5/2025,10,765576,4511,6846,4996,1207123042,0.59%,4335,6231,4562,1093811751,252321,0.57%
10/6/2025,10,713382,4698,7269,5212,1286441752,0.66%,4484,6591,4724,1163486736,259475,0.63%
10/7/2025,10,942141,4936,9019,5630,1466928422,0.52%,4618,8002,5007,1286425119,278568,0.49%
10/8/2025,10,707373,4538,7041,5035,1217305557,0.64%,4336,6419,4587,1100803419,253875,0.61%
10/9/2025,10,1287476,15420,34780,18861,5474013203,1.20%,13303,28184,15296,4426304108,332730,1.03%
10/10/2025,10,1733581,81776,208648,105593,29141666669,4.72%,76258,181134,91587,25170638596,330072,4.40%
10/11/2025,10,630344,6028,10922,6767,1871648565,0.96%,7614,14077,8214,2251418254,295695,1.21%
10/12/2025,10,590174,4171,6555,4594,1211360062,0.71%,4040,6164,4274,1122279442,277792,0.68%
10/13/2025,10,574230,4078,6545,4565,1221149790,0.71%,3943,6002,4193,1113059397,282287,0.69%
10/14/2025,10,733969,6225,11719,7211,1880500449,0.85%,5752,10149,6331,1627675188,282976,0.78%
10/15/2025,10,1055263,12909,28993,15475,3949675435,1.22%,11985,25236,13479,3417993816,285189,1.14%
10/16/2025,10,651240,4408,7548,4988,1277343706,0.68%,4371,7243,4733,1200196885,274582,0.67%
10/17/2025,10,640201,4046,6349,4552,1132609607,0.63%,3840,5691,4093,1012426213,263653,0.60%
10/18/2025,10,749812,3934,6130,4375,1128950130,0.52%,3777,5534,3993,990689539,262295,0.50%
10/19/2025,10,774512,4847,7377,5435,1345699678,0.63%,4583,6594,4876,1194833570,260710,0.59%
10/20/2025,10,764833,7752,15813,8887,2343591648,1.01%,7289,14003,7965,2068038601,283720,0.95%
10/21/2025,10,632487,7156,15275,8344,2118031554,1.13%,6905,13896,7605,1924989005,278782,1.09%
10/22/2025,10,648468,6307,12995,7321,1821828562,0.97%,6084,11735,6584,1636513004,268986,0.94%
10/23/2025,10,823426,7411,16062,8730,2246191090,0.90%,7022,14423,7836,2005058423,285540,0.85%
10/24/2025,10,792727,4978,9897,5767,1540383900,0.63%,4681,8754,5094,1348572292,288095,0.59%
10/25/2025,10,1077390,11098,24304,13205,3485437549,1.03%,10348,21098,11564,2997408501,289661,0.96%
10/26/2025,10,620087,5863,9153,6636,1477778087,0.95%,5724,8569,6159,1370681013,239462,0.92%
10/27/2025,10,493924,4393,6815,4866,1209084129,0.89%,4222,6248,4479,1085491688,257104,0.85%
10/28/2025,10,489826,4093,6478,4581,1170833252,0.84%,3916,5804,4154,1025490752,261872,0.80%
10/29/2025,10,585967,4179,6430,4631,1133411572,0.71%,3959,5818,4185,1019866051,257607,0.68%
10/30/2025,10,512302,3893,5915,4272,1020373928,0.76%,3713,5370,3893,924046386,248868,0.72%
10/31/2025,10,569363,3990,6244,4444,1078219337,0.70%,3826,5645,4025,972065132,254068,0.67%
11/1/2025,11,793183,8844,19606,10499,2683363153,1.12%,8299,17305,9294,2363673093,284814,1.05%
11/2/2025,11,698364,6628,13625,7526,1833248992,0.95%,6414,12580,6934,1681873594,262219,0.92%
11/3/2025,11,730727,6430,13251,7372,1832676256,0.88%,6181,12017,6693,1655275474,267801,0.85%
11/4/2025,11,741054,5247,12149,6124,1667352630,0.71%,5029,10969,5549,1502916082,298850,0.68%
11/5/2025,11,649235,3733,6940,4172,1094643735,0.57%,3558,6271,3802,978404237,274987,0.55%
11/6/2025,11,661853,3424,5258,3778,917324473,0.52%,3274,4777,3443,824021942,251687,0.49%
11/7/2025,11,590043,3673,5656,4069,960062456,0.62%,3527,5140,3726,869193282,246440,0.60%
11/8/2025,11,561302,3350,5155,3681,880549878,0.60%,3191,4737,3378,804625079,252155,0.57%
11/9/2025,11,686369,3735,5824,4162,1019574018,0.54%,3560,5258,3771,913198161,256516,0.52%
11/10/2025,11,1453718,20732,44232,25100,6493398392,1.43%,18016,36186,20623,5295539761,293935,1.24%
11/11/2025,11,1859173,86805,221543,111313,30373047338,4.67%,81862,194741,98264,26608866467,325045,4.40%
11/12/2025,11,523147,5627,9818,6349,1632258438,1.08%,7245,13037,7796,2007801268,277129,1.38%
11/13/2025,11,501589,3723,5734,4078,1006133433,0.74%,3612,5368,3829,934508383,258723,0.72%
11/14/2025,11,753070,4762,8547,5417,1337933684,0.63%,4481,7558,4851,1189272598,265403,0.60%
11/15/2025,11,775662,8591,19587,9956,2585743459,1.11%,7955,17195,8778,2262941811,284468,1.03%
11/16/2025,11,542776,4084,6435,4541,1083398125,0.75%,4005,6098,4280,1002748192,250374,0.74%
11/17/2025,11,513594,3862,6011,4273,1075276049,0.75%,3703,5532,3947,982336492,265281,0.72%
11/18/2025,11,467160,3969,5847,4343,1025277996,0.85%,3821,5420,4049,947194758,247892,0.82%
11/19/2025,11,533680,3278,5002,3646,868629873,0.61%,3110,4529,3336,786178452,252791,0.58%
11/20/2025,11,691033,5295,10865,6215,1597129048,0.77%,4962,9594,5535,1404632606,283078,0.72%
11/21/2025,11,490883,2997,4954,3314,872679354,0.61%,2905,4614,3072,804236510,276846,0.59%
11/22/2025,11,502644,3316,5360,3656,952303971,0.66%,3189,4910,3360,869753416,272735,0.63%
11/23/2025,11,596422,3835,6175,4249,1083782581,0.64%,3653,5624,3871,982476849,268951,0.61%
11/24/2025,11,515669,4755,8651,5260,1386747230,0.92%,4505,7861,4794,1255380402,278664,0.87%
11/25/2025,11,823702,7881,16882,8972,2453076557,0.96%,7414,15129,8084,2192128457,295674,0.90%
11/26/2025,11,526893,3928,6228,4338,1114655098,0.75%,3829,5880,4049,1038272665,271160,0.73%
11/27/2025,11,817945,6887,12959,7908,2083991701,0.84%,6162,10971,6737,1765800764,286563,0.75%
11/28/2025,11,984251,15199,36242,17795,4924798588,1.54%,14234,31909,15795,4312748346,302989,1.45%
11/29/2025,11,719627,4379,6977,4922,1327257694,0.61%,4355,6775,4679,1254619620,288087,0.61%
11/30/2025,11,665567,4369,6300,4910,1245001989,0.66%,4186,5798,4518,1138642470,272012,0.63%
12/1/2025,12,881184,8375,19397,9961,2707393190,0.95%,7823,17235,8908,2387488868,305188,0.89%
12/2/2025,12,603435,4089,6695,4504,1151266571,0.68%,4009,6411,4273,1080179751,269439,0.66%
12/3/2025,12,734827,4176,7780,4633,1267107618,0.57%,3958,7097,4229,1150039475,290561,0.54%
12/4/2025,12,616290,4087,6507,4460,1106415718,0.66%,3945,6110,4189,1033362178,261942,0.64%
12/5/2025,12,596932,4279,7807,4810,1199603342,0.72%,4088,7180,4420,1095719132,268033,0.68%
12/6/2025,12,680119,4830,9269,5320,1393812846,0.71%,4572,8465,4865,1267158090,277156,0.67%
12/7/2025,12,777549,4012,6492,4370,1091555624,0.52%,3854,6009,4051,1008158013,261587,0.50%
12/8/2025,12,612897,4054,6735,4437,1133234544,0.66%,3909,6297,4140,1055105430,269917,0.64%
12/9/2025,12,733282,4104,8131,4692,1291787658,0.56%,3816,7109,4146,1117868599,292943,0.52%
12/10/2025,12,883670,5424,12678,6234,1854480170,0.61%,5063,11233,5559,1637581279,323441,0.57%
12/11/2025,12,1612091,18243,40434,21804,6181651796,1.13%,15800,33113,17981,5019469029,317688,0.98%
12/12/2025,12,1816320,85508,212262,108315,29634579859,4.71%,80381,186584,95555,25911502805,322359,4.43%
12/13/2025,12,830935,5417,9622,5991,1571196349,0.65%,6795,12506,7252,1915929419,281962,0.82%
12/14/2025,12,861634,5364,11956,6164,1678165934,0.62%,5028,10562,5530,1475700516,293497,0.58%
12/15/2025,12,891580,9138,21456,10803,2989111698,1.02%,8498,18995,9614,2630306353,309521,0.95%
12/16/2025,12,821812,7624,18061,8983,2426505993,0.93%,7337,16510,8261,2204777177,300501,0.89%
12/17/2025,12,585814,4673,9480,5216,1404818550,0.80%,4545,8854,4868,1302427601,286563,0.78%
12/18/2025,12,482406,3711,5963,4071,1044347805,0.77%,3591,5601,3813,969677688,270030,0.74%
12/19/2025,12,512381,3696,5954,4072,1010068062,0.72%,3531,5478,3754,920901291,260805,0.69%
12/20/2025,12,734747,4769,9869,5445,1478907139,0.65%,4459,8768,4889,1312950236,294449,0.61%
12/21/2025,12,681701,4177,6747,4598,1118172263,0.61%,4049,6318,4297,1040420984,256958,0.59%
12/22/2025,12,639571,4229,6708,4607,1131592441,0.66%,4063,6227,4285,1046229636,257502,0.64%
12/23/2025,12,692843,3888,6044,4246,1042739554,0.56%,3742,5585,3934,955805960,255427,0.54%
12/24/2025,12,757819,4722,9018,5231,1367439361,0.62%,4388,8018,4677,1213569829,276566,0.58%
12/25/2025,12,1009481,9928,22020,11360,2968228856,0.98%,9299,19777,10185,2653582719,285362,0.92%
12/26/2025,12,621346,3896,6151,4185,1020520548,0.63%,3854,5973,4020,969729014,251616,0.62%
12/27/2025,12,656733,3671,5683,3991,990378579,0.56%,3546,5321,3755,924761392,260790,0.54%
12/28/2025,12,749926,3915,6129,4303,1063590407,0.52%,3744,5652,3983,974709702,260339,0.50%
12/29/2025,12,738862,4241,6879,4631,1174457349,0.57%,4086,6356,4314,1077688406,263751,0.55%
12/30/2025,12,705845,4326,7250,4711,1237156079,0.61%,4135,6634,4353,1114518723,269533,0.59%
12/31/2025,12,704564,4047,6728,4415,1125694373,0.57%,3787,6030,3987,1007495487,266041,0.54%
